<?xml version="1.0" encoding="utf-8"?>
<Documents>
	<Document>
		<DocumentType>Customer purchase order</DocumentType>
		<FileName>CustomerPO-US-001-Document1.txt</FileName>
		<TradingPartnerCompanyId>USMF</TradingPartnerCompanyId>
		<TradingPartnerId>1122334455</TradingPartnerId>
		<TradingPartnerType>Customer</TradingPartnerType>
	</Document>
	<Document>
		<DocumentType>Customer purchase order</DocumentType>
		<FileName>CustomerPO-US-001-Document2.txt</FileName>
		<TradingPartnerCompanyId>USMF</TradingPartnerCompanyId>
		<TradingPartnerId>1122334455</TradingPartnerId>
		<TradingPartnerType>Customer</TradingPartnerType>
	</Document>
</Documents>