{
	"id": "5a628741-8fd1-4c1f-89fc-90f94505cf7d",
	"name": "DXC Care Services API Suite",
	"values": [
		{
			"key": "ApiURI",
			"value": "",
			"type": "default",
			"enabled": true
		},
		{
			"key": "BaseURI",
			"value": "https://mspdcareservicedev5b9df77843660735edevaos.axcloud.dynamics.com/",
			"type": "default",
			"enabled": true
		},
		{
			"key": "tenantId",
			"value": "",
			"type": "default",
			"enabled": true
		},
		{
			"key": "clientId",
			"value": "",
			"type": "default",
			"enabled": true
		},
		{
			"key": "clientSecret",
			"value": "",
			"type": "default",
			"enabled": true
		},
		{
			"key": "resource",
			"value": "",
			"type": "default",
			"enabled": true
		},
		{
			"key": "access_token",
			"value": "",
			"type": "any",
			"enabled": true
		}
	],
	"_postman_variable_scope": "environment",
	"_postman_exported_at": "2025-11-19T22:33:40.875Z",
	"_postman_exported_using": "Postman/11.72.3"
}