<?xml version="1.0" encoding="utf-8"?>
<AxFormExtension xmlns:i="http://www.w3.org/2001/XMLSchema-instance" xmlns="Microsoft.Dynamics.AX.Metadata.V6">
	<Name>VendRFQJournal.DXC</Name>
	<ControlModifications />
	<Controls>
		<AxFormExtensionControl xmlns="">
			<Name>FormExtensionControlupvfjjxa1</Name>
			<FormControl xmlns=""
				i:type="AxFormMenuFunctionButtonControl">
				<Name>ESSSmartSendDXC_RequestForQuote</Name>
				<Type>MenuFunctionButton</Type>
				<FormControlExtension
					i:nil="true" />
				<MenuItemName>ESSSmartSendDXC_RequestForQuote</MenuItemName>
				<MenuItemType>Action</MenuItemType>
			</FormControl>
			<Parent>ButtonGroup2</Parent>
		</AxFormExtensionControl>
		<AxFormExtensionControl xmlns="">
			<Name>Copyixxtsrvk1</Name>
			<FormControl xmlns=""
				i:type="AxFormCheckBoxControl">
				<Name>VendRFQJour_ESS_EmailSent</Name>
				<Type>CheckBox</Type>
				<FormControlExtension
					i:nil="true" />
				<DataField>ESS_EmailSent</DataField>
				<DataSource>VendRFQJour</DataSource>
			</FormControl>
			<Parent>Grid</Parent>
		</AxFormExtensionControl>
		<AxFormExtensionControl xmlns="">
			<Name>Copyocnmxckd1</Name>
			<FormControl xmlns=""
				i:type="AxFormCheckBoxControl">
				<Name>VendRFQJour_ESS_SavedToBlobStorage</Name>
				<Type>CheckBox</Type>
				<FormControlExtension
					i:nil="true" />
				<DataField>ESS_SavedToBlobStorage</DataField>
				<DataSource>VendRFQJour</DataSource>
			</FormControl>
			<Parent>Grid</Parent>
		</AxFormExtensionControl>
	</Controls>
	<DataSourceModifications />
	<DataSourceReferences />
	<DataSources />
	<Parts />
	<PropertyModifications />
</AxFormExtension>