<?xml version="1.0" encoding="utf-8"?>
<AxTableExtension xmlns:i="http://www.w3.org/2001/XMLSchema-instance">
	<Name>VendRFQJour.DXC</Name>
	<FieldGroupExtensions />
	<FieldGroups />
	<FieldModifications />
	<Fields>
		<AxTableField xmlns=""
			i:type="AxTableFieldEnum">
			<Name>ESS_EmailSent</Name>
			<AllowEdit>No</AllowEdit>
			<AllowEditOnCreate>No</AllowEditOnCreate>
			<ExtendedDataType>ESS_EmailSent</ExtendedDataType>
			<EnumType>NoYes</EnumType>
		</AxTableField>
		<AxTableField xmlns=""
			i:type="AxTableFieldEnum">
			<Name>ESS_SavedToBlobStorage</Name>
			<ExtendedDataType>ESS_SavedToBlobStorage</ExtendedDataType>
			<EnumType>NoYes</EnumType>
		</AxTableField>
		<AxTableField xmlns=""
			i:type="AxTableFieldString">
			<Name>ESS_BlobStorageURL</Name>
			<ExtendedDataType>ESS_BlobURL</ExtendedDataType>
		</AxTableField>
	</Fields>
	<Indexes />
	<Mappings />
	<PropertyModifications />
	<RelationExtensions />
	<Relations />
</AxTableExtension>