<?xml version="1.0" encoding="utf-8"?>
<AxClass xmlns:i="http://www.w3.org/2001/XMLSchema-instance">
	<Name>ESSReportDXC_RequestForQuote</Name>
	<SourceCode>
		<Declaration><![CDATA[
[ESSReportAttribute(ECL_AutoPrintReport::DXCRequestForQuote)]
class ESSReportDXC_RequestForQuote extends ESSReport
{
}
]]></Declaration>
		<Methods>
			<Method>
				<Name>getPrintMgmtDocumentType</Name>
				<Source><![CDATA[
    public PrintMgmtDocumentType getPrintMgmtDocumentType()
    {
        PrintMgmtDocumentType ret = PrintMgmtDocumentType::PurchRFQ;

        return ret;
    }

]]></Source>
			</Method>
			<Method>
				<Name>getEmailAddress</Name>
				<Source><![CDATA[
    public str getEmailAddress()
    {
        str                     ret;
        PurchRFQSendContract    rdpContract = reportContract.parmRdpContract();
        VendTable               vendTable;
        VendRFQJour             vendRFQJour;
                
        select firstonly vendRFQJour where vendRFQJour.RecId == rdpContract.parmRecordId();
    
        vendTable = VendTable::find(vendRFQJour.VendAccount);
    
        ret       = this.getEmailAddressByPartyRecId(vendTable.Party);

        return ret;
    }

]]></Source>
			</Method>
			<Method>
				<Name>getReference</Name>
				<Source><![CDATA[
    public container getReference()
    {
        str                     ret;
        PurchRFQSendContract    rdpContract = reportContract.parmRdpContract();
        RecId                   recId = rdpContract.parmRecordId();
        VendRFQJour             vendRFQJour;

        select firstonly vendRFQJour where vendRFQJour.RecId == recId;

        ret = vendRFQJour.RFQId;
    
        return [ret, tableNum(VendRFQJour), recId];
    }

]]></Source>
			</Method>
			<Method>
				<Name>updateBlobStorageFlag</Name>
				<Source><![CDATA[
    public void updateBlobStorageFlag(URL _blobStorageURL)
    {
        ttsbegin;
        PurchRFQSendContract    rdpContract = reportContract.parmRdpContract();
        RecId                   recId = rdpContract.parmRecordId();
        VendRFQJour             vendRFQJour;

        select firstonly vendRFQJour where vendRFQJour.RecId == recId;
        vendRFQJour.selectForUpdate(true);

        if (vendRFQJour.RecId &&
            (vendRFQJour.ESS_SavedToBlobStorage != NoYes::Yes || vendRFQJour.ESS_BlobStorageURL != _blobStorageURL))
        {
            vendRFQJour.ESS_SavedToBlobStorage   = NoYes::Yes;
            vendRFQJour.ESS_BlobStorageURL       = _blobStorageURL;
            vendRFQJour.doUpdate();
        }
        ttscommit;
    }

]]></Source>
			</Method>
			<Method>
				<Name>updateFlag</Name>
				<Source><![CDATA[
    public void updateFlag()
    {
        ttsbegin;
        PurchRFQSendContract    rdpContract = reportContract.parmRdpContract();
        RecId                   recId = rdpContract.parmRecordId();
        VendRFQJour             vendRFQJour;

        select firstonly vendRFQJour where vendRFQJour.RecId == recId;
        vendRFQJour.selectForUpdate(true);

        if (vendRFQJour.RecId && vendRFQJour.ESS_EmailSent != NoYes::Yes)
        {
            vendRFQJour.ESS_EmailSent = NoYes::Yes;
            vendRFQJour.doUpdate();
        }
        ttscommit;
    }

]]></Source>
			</Method>
			<Method>
				<Name>buildTokenMap</Name>
				<Source><![CDATA[
    public void buildTokenMap(Map _tokenMap)
    {
        super(_tokenMap);

        if (reportContract.parmRdpContract() is PurchRFQSendContract)
        {
            PurchRFQSendContract purchRFQSendContract = reportContract.parmRdpContract() as PurchRFQSendContract;

            if (purchRFQSendContract && purchRFQSendContract.parmRecordId())
            {
                RefRecId refRecId = purchRFQSendContract.parmRecordId();
                VendRFQJour vendRFQJour;
                select firstonly vendRFQJour where vendRFQJour.RecId == refRecId;
                                                                       
                _tokenMap.insert('RFQId', vendRFQJour.RFQId);
                _tokenMap.insert('VendAccount', vendRFQJour.VendAccount);
            }
        }
    }

]]></Source>
			</Method>
			<Method>
				<Name>sendEmailFromForm</Name>
				<Source><![CDATA[
    public void sendEmailFromForm(Args _args)
    {                              
        FormDataSource  formDataSource = _args.record().dataSource();
        VendRFQJour     vendRFQJour;
        Set             set = new Set(Types::String);

        //validate if the report is set up as default in the smartsend parameters
        ECL_AutoPrintReportMgmt autoPrintReportMgmt = ECL_AutoPrintReportMgmt::findByReportName(this.getDefaultReportFormat());
        if (!autoPrintReportMgmt)
        {
            throw error("@ESS:ValReportSetup");
        }

        //loop through the data source and send to print via smartsend
        for (vendRFQJour = formDataSource.getFirst(true) ? formDataSource.getFirst(true) : formDataSource.cursor();
             vendRFQJour;
             vendRFQJour = formDataSource.getNext())
        {
            if (VendRFQJour.RFQUpdateType != PurchRFQUpdateType::Received)
            {
                VendTable vendTable     = VendTable::find(vendRFQJour.VendAccount);
                str       emailAddrs    = this.getEmailAddressByPartyRecId(vendTable.Party);

                if (emailAddrs)
                {
                    // Initalize
                    SrsReportRunController srsReportRunController = new SrsReportRunController();
                    srsReportRunController.parmReportName(this.getDefaultReportFormat());
                    srsReportRunController.parmExecutionMode(SysOperationExecutionMode::Synchronous);
                    srsReportRunController.parmShowDialog(false);

                    PurchRFQSendContract purchRFQSendContract = new PurchRFQSendContract();
                    purchRFQSendContract.parmRecordId(vendRFQJour.RecId);
                    str documentTitle = PurchRFQUpdateTypeModel::newFromType(vendRFQJour.rfqUpdateType).documentTitle();
                    documentTitle = documentTitle ? SysLabel::labelId2String2(documentTitle) : autoPrintReportMgmt.Description;
                    purchRFQSendContract.parmDocumentTitle(documentTitle);

                    srsReportRunController.parmReportContract().parmRdpContract(purchRFQSendContract);

                    // Set printer settings
                    SRSPrintDestinationSettings printerSettings = srsReportRunController.parmReportContract().parmPrintSettings();
                    printerSettings.printMediumType(SRSPrintMediumType::ECL_AutoEmail);
                    printerSettings.fileFormat(SRSReportFileFormat::PDF);
                    printerSettings.overwriteFile(true);

                    // Print
                    srsReportRunController.startOperation();
                }
                else
                {
                    set.add(strFmt("@ESS:ValVendEmail", vendTable.AccountNum, vendTable.name()));
                }
            }
        }

        //Errors are grouped by vendor. This is so we don't print 
        SetIterator setIterator = new SetIterator(set);
        while (setIterator.more())
        {
            warning(setIterator.value());
            setIterator.next();
        }
    }

]]></Source>
			</Method>
		</Methods>
	</SourceCode>
</AxClass>